0, 0, 0
0.001, 0, 0
0.002, 0, 0
0.003, 0, 0
0.004, 0, 0
0.005, 0, 0
0.006, 0, 0
0.007, 0, 0
0.008, 0, 0
0.009, 0, 0
0.01, 0, 0
0.011, 0, 0
0.012, 0, 0
0.013, 0, 0
0.014, 0, 0
0.015, 0, 0
0.016, 0, 0
0.017, 0, 0
0.018, 0, 0
0.019, 0, 0
0.02, 0, 0
0.021, 0, 0
0.022, 0, 0
0.023, 0, 0
0.024, 0, 0
0.025, 0, 0
0.026, 0, 0
0.027, 0, 0
0.028, 0, 0
0.029, 0, 0
0.03, 0, 0
0.031, 0, 0
0.032, 0, 0
0.033, 0, 0
0.034, 0, 0
0.035, 0, 0
0.036, 0, 0
0.037, 0, 0
0.038, 0, 0
0.039, 0, 0
0.04, 0, 0
0.041, 0, 0
0.042, 0, 0
0.043, 0, 0
0.044, 0, 0
0.045, 0, 0
0.046, 0, 0
0.047, 0, 0
0.048, 0, 0
0.049, 0, 0
0.05, 0, 0
0.051, 0, 0
0.052, 0, 0
0.053, 0, 0
0.054, 0, 0
0.055, 0, 0
0.056, 0, 0
0.057, 0, 0
0.058, 0, 0
0.059, 0, 0
0.06, 0, 0
0.061, 0, 0
0.062, 0, 0
0.063, 0, 0
0.064, 0, 0
0.065, 0, 0
0.066, 0, 0
0.067, 0, 0
0.068, 0, 0
0.069, 0, 0
0.07, 0, 0
0.071, 0, 0
0.072, 0, 0
0.073, 0, 0
0.074, 0, 0
0.075, 0, 0
0.076, 0, 0
0.077, 0, 0
0.078, 0, 0
0.079, 0, 0
0.08, 0, 0
0.081, 0, 0
0.082, 0, 0
0.083, 0, 0
0.084, 0, 0
0.085, 0, 0
0.086, 0, 0
0.087, 0, 0
0.088, 0, 0
0.089, 0, 0
0.09, 0, 0
0.091, 0, 0
0.092, 0, 0
0.093, 0, 0
0.094, 0, 0
0.095, 0, 0
0.096, 0, 0
0.097, 0, 0
0.098, 0, 0
0.099, 0, 0
0.1, 0, 0
0.101, 0, 0
0.102, 0, 0
0.103, 0, 0
0.104, 0, 0
0.105, 0, 0
0.106, 0, 0
0.107, 0, 0
0.108, 0, 0
0.109, 0, 0
0.11, 0, 0
0.111, 0, 0
0.112, 0, 0
0.113, 0, 0
0.114, 0, 0
0.115, 0, 0
0.116, 0, 0
0.117, 0, 0
0.118, 0, 0
0.119, 0, 0
0.12, 0, 0
0.121, 0, 0
0.122, 0, 0
0.123, 0, 0
0.124, 0, 0
0.125, 0, 0
0.126, 0, 0
0.127, 0, 0
0.128, 0, 0
0.129, 0, 0
0.13, 0, 0
0.131, 0, 0
0.132, 0, 0
0.133, 0, 0
0.134, 0, 0
0.135, 0, 0
0.136, 0, 0
0.137, 0, 0
0.138, 0, 0
0.139, 0, 0
0.14, 0, 0
0.141, 0, 0
0.142, 0, 0
0.143, 0, 0
0.144, 0, 0
0.145, 0, 0
0.146, 0, 0
0.147, 0, 0
0.148, 0, 0
0.149, 0, 0
0.15, 0, 0
0.151, 0, 0
0.152, 0, 0
0.153, 0, 0
0.154, 0, 0
0.155, 0, 0
0.156, 0, 0
0.157, 0, 0
0.158, 0, 0
0.159, 0, 0
0.16, 0, 0
0.161, 0, 0
0.162, 0, 0
0.163, 0, 0
0.164, 0, 0
0.165, 0, 0
0.166, 0, 0
0.167, 0, 0
0.168, 0, 0
0.169, 0, 0
0.17, 0, 0
0.171, 0, 0
0.172, 0, 0
0.173, 0, 0
0.174, 0, 0
0.175, 0, 0
0.176, 0, 0
0.177, 0, 0
0.178, 0, 0
0.179, 0, 0
0.18, 0, 0
0.181, 0, 0
0.182, 0, 0
0.183, 0, 0
0.184, 0, 0
0.185, 0, 0
0.186, 0, 0
0.187, 0, 0
0.188, 0, 0
0.189, 0, 0
0.19, 0, 0
0.191, 0, 0
0.192, 0, 0
0.193, 0, 0
0.194, 0, 0
0.195, 0, 0
0.196, 0, 0
0.197, 0, 0
0.198, 0, 0
0.199, 0, 0
0.2, 0, 0
0.201, 0, 0
0.202, 0, 0
0.203, 0, 0
0.204, 0, 0
0.205, 0, 0
0.206, 0, 0
0.207, 0, 0
0.208, 0, 0
0.209, 0, 0
0.21, 0, 0
0.211, 0, 0
0.212, 0, 0
0.213, 0, 0
0.214, 0, 0
0.215, 0, 0
0.216, 0, 0
0.217, 0, 0
0.218, 0, 0
0.219, 0, 0
0.22, 0, 0
0.221, 0, 0
0.222, 0, 0
0.223, 0, 0
0.224, 0, 0
0.225, 0, 0
0.226, 0, 0
0.227, 0, 0
0.228, 0, 0
0.229, 0, 0
0.23, 0, 0
0.231, 0, 0
0.232, 0, 0
0.233, 0, 0
0.234, 0, 0
0.235, 0, 0
0.236, 0, 0
0.237, 0, 0
0.238, 0, 0
0.239, 0, 0
0.24, 0, 0
0.241, 0, 0
0.242, 0, 0
0.243, 0, 0
0.244, 0, 0
0.245, 0, 0
0.246, 0, 0
0.247, 0, 0
0.248, 0, 0
0.249, 0, 0
0.25, 0, 0
0.251, 0, 0
0.252, 0, 0
0.253, 0, 0
0.254, 0, 0
0.255, 0, 0
0.256, 0, 0
0.257, 0, 0
0.258, 0, 0
0.259, 0, 0
0.26, 0, 0
0.261, 0, 0
0.262, 0, 0
0.263, 0, 0
0.264, 0, 0
0.265, 0, 0
0.266, 0, 0
0.267, 0, 0
0.268, 0, 0
0.269, 0, 0
0.27, 0, 0
0.271, 0, 0
0.272, 0, 0
0.273, 0, 0
0.274, 0, 0
0.275, 0, 0
0.276, 0, 0
0.277, 0, 0
0.278, 0, 0
0.279, 0, 0
0.28, 0, 0
0.281, 0, 0
0.282, 0, 0
0.283, 0, 0
0.284, 0, 0
0.285, 0, 0
0.286, 0, 0
0.287, 0, 0
0.288, 0, 0
0.289, 0, 0
0.29, 0, 0
0.291, 0, 0
0.292, 0, 0
0.293, 0, 0
0.294, 0, 0
0.295, 0, 0
0.296, 0, 0
0.297, 0, 0
0.298, 0, 0
0.299, 0, 0
0.3, 0, 0
0.301, 0, 0
0.302, 0, 0
0.303, 0, 0
0.304, 0, 0
0.305, 0, 0
0.306, 0, 0
0.307, 0, 0
0.308, 0, 0
0.309, 0, 0
0.31, 0, 0
0.311, 0, 0
0.312, 0, 0
0.313, 0, 0
0.314, 0, 0
0.315, 0, 0
0.316, 0, 0
0.317, 0, 0
0.318, 0, 0
0.319, 0, 0
0.32, 0, 0
0.321, 0, 0
0.322, 0, 0
0.323, 0, 0
0.324, 0, 0
0.325, 0, 0
0.326, 0, 0
0.327, 0, 0
0.328, 0, 0
0.329, 0, 0
0.33, 0, 0
0.331, 0, 0
0.332, 0, 0
0.333, 0, 0
0.334, 0, 0
0.335, 0, 0
0.336, 0, 0
0.337, 0, 0
0.338, 0, 0
0.339, 0, 0
0.34, 0, 0
0.341, 0, 0
0.342, 0, 0
0.343, 0, 0
0.344, 0, 0
0.345, 0, 0
0.346, 0, 0
0.347, 0, 0
0.348, 0, 0
0.349, 0, 0
0.35, 0, 0
0.351, 0, 0
0.352, 0, 0
0.353, 0, 0
0.354, 0, 0
0.355, 0, 0
0.356, 0, 0
0.357, 0, 0
0.358, 0, 0
0.359, 0, 0
0.36, 0, 0
0.361, 0, 0
0.362, 0, 0
0.363, 0, 0
0.364, 0, 0
0.365, 0, 0
0.366, 0, 0
0.367, 0, 0
0.368, 0, 0
0.369, 0, 0
0.37, 0, 0
0.371, 0, 0
0.372, 0, 0
0.373, 0, 0
0.374, 0, 0
0.375, 0, 0
0.376, 0, 0
0.377, 0, 0
0.378, 0, 0
0.379, 0, 0
0.38, 0, 0
0.381, 0, 0
0.382, 0, 0
0.383, 0, 0
0.384, 0, 0
0.385, 0, 0
0.386, 0, 0
0.387, 0, 0
0.388, 0, 0
0.389, 0, 0
0.39, 0, 0
0.391, 0, 0
0.392, 0, 0
0.393, 0, 0
0.394, 0, 0
0.395, 0, 0
0.396, 0, 0
0.397, 0, 0
0.398, 0, 0
0.399, 0, 0
0.4, 0, 0
0.401, 0, 0
0.402, 0, 0
0.403, 0, 0
0.404, 0, 0
0.405, 0, 0
0.406, 0, 0
0.407, 0, 0
0.408, 0, 0
0.409, 0, 0
0.41, 0, 0
0.411, 0, 0
0.412, 0, 0
0.413, 0, 0
0.414, 0, 0
0.415, 0, 0
0.416, 0, 0
0.417, 0, 0
0.418, 0, 0
0.419, 0, 0
0.42, 0, 0
0.421, 0, 0
0.422, 0, 0
0.423, 0, 0
0.424, 0, 0
0.425, 0, 0
0.426, 0, 0
0.427, 0, 0
0.428, 0, 0
0.429, 0, 0
0.43, 0, 0
0.431, 0, 0
0.432, 0, 0
0.433, 0, 0
0.434, 0, 0
0.435, 0, 0
0.436, 0, 0
0.437, 0, 0
0.438, 0, 0
0.439, 0, 0
0.44, 0, 0
0.441, 0, 0
0.442, 0, 0
0.443, 0, 0
0.444, 0, 0
0.445, 0, 0
0.446, 0, 0
0.447, 0, 0
0.448, 0, 0
0.449, 0, 0
0.45, 0, 0
0.451, 0, 0
0.452, 0, 0
0.453, 0, 0
0.454, 0, 0
0.455, 0, 0
0.456, 0, 0
0.457, 0, 0
0.458, 0, 0
0.459, 0, 0
0.46, 0, 0
0.461, 0, 0
0.462, 0, 0
0.463, 0, 0
0.464, 0, 0
0.465, 0, 0
0.466, 0, 0
0.467, 0, 0
0.468, 0, 0
0.469, 0, 0
0.47, 0, 0
0.471, 0, 0
0.472, 0, 0
0.473, 0, 0
0.474, 0, 0
0.475, 0, 0
0.476, 0, 0
0.477, 0, 0
0.478, 0, 0
0.479, 0, 0
0.48, 0, 0
0.481, 0, 0
0.482, 0, 0
0.483, 0, 0
0.484, 0, 0
0.485, 0, 0
0.486, 0, 0
0.487, 0, 0
0.488, 0, 0
0.489, 0, 0
0.49, 0, 0
0.491, 0, 0
0.492, 0, 0
0.493, 0, 0
0.494, 0, 0
0.495, 0, 0
0.496, 0, 0
0.497, 0, 0
0.498, 0, 0
0.499, 0, 0
0.5, 0, 0
0.501, 0, 0
0.502, 0, 0
0.503, 0, 0
0.504, 0, 0
0.505, 0, 0
0.506, 0, 0
0.507, 0, 0
0.508, 0, 0
0.509, 0, 0
0.51, 0, 0
0.511, 0, 0
0.512, 0, 0
0.513, 0, 0
0.514, 0, 0
0.515, 0, 0
0.516, 0, 0
0.517, 0, 0
0.518, 0, 0
0.519, 0, 0
0.52, 0, 0
0.521, 0, 0
0.522, 0, 0
0.523, 0, 0
0.524, 0, 0
0.525, 0, 0
0.526, 0, 0
0.527, 0, 0
0.528, 0, 0
0.529, 0, 0
0.53, 0, 0
0.531, 0, 0
0.532, 0, 0
0.533, 0, 0
0.534, 0, 0
0.535, 0, 0
0.536, 0, 0
0.537, 0, 0
0.538, 0, 0
0.539, 0, 0
0.54, 0, 0
0.541, 0, 0
0.542, 0, 0
0.543, 0, 0
0.544, 0, 0
0.545, 0, 0
0.546, 0, 0
0.547, 0, 0
0.548, 0, 0
0.549, 0, 0
0.55, 0, 0
0.551, 0, 0
0.552, 0, 0
0.553, 0, 0
0.554, 0, 0
0.555, 0, 0
0.556, 0, 0
0.557, 0, 0
0.558, 0, 0
0.559, 0, 0
0.56, 0, 0
0.561, 0, 0
0.562, 0, 0
0.563, 0, 0
0.564, 0, 0
0.565, 0, 0
0.566, 0, 0
0.567, 0, 0
0.568, 0, 0
0.569, 0, 0
0.57, 0, 0
0.571, 0, 0
0.572, 0, 0
0.573, 0, 0
0.574, 0, 0
0.575, 0, 0
0.576, 0, 0
0.577, 0, 0
0.578, 0, 0
0.579, 0, 0
0.58, 0, 0
0.581, 0, 0
0.582, 0, 0
0.583, 0, 0
0.584, 0, 0
0.585, 0, 0
0.586, 0, 0
0.587, 0, 0
0.588, 0, 0
0.589, 0, 0
0.59, 0, 0
0.591, 0, 0
0.592, 0, 0
0.593, 0, 0
0.594, 0, 0
0.595, 0, 0
0.596, 0, 0
0.597, 0, 0
0.598, 0, 0
0.599, 0, 0
0.6, 0, 0
0.601, 0, 0
0.602, 0, 0
0.603, 0, 0
0.604, 0, 0
0.605, 0, 0
0.606, 0, 0
0.607, 0, 0
0.608, 0, 0
0.609, 0, 0
0.61, 0, 0
0.611, 0, 0
0.612, 0, 0
0.613, 0, 0
0.614, 0, 0
0.615, 0, 0
0.616, 0, 0
0.617, 0, 0
0.618, 0, 0
0.619, 0, 0
0.62, 0, 0
0.621, 0, 0
0.622, 0, 0
0.623, 0, 0
0.624, 0, 0
0.625, 0, 0
0.626, 0, 0
0.627, 0, 0
0.628, 0, 0
0.629, 0, 0
0.63, 0, 0
0.631, 0, 0
0.632, 0, 0
0.633, 0, 0
0.634, 0, 0
0.635, 0, 0
0.636, 0, 0
0.637, 0, 0
0.638, 0, 0
0.639, 0, 0
0.64, 0, 0
0.641, 0, 0
0.642, 0, 0
0.643, 0, 0
0.644, 0, 0
0.645, 0, 0
0.646, 0, 0
0.647, 0, 0
0.648, 0, 0
0.649, 0, 0
0.65, 0, 0
0.651, 0, 0
0.652, 0, 0
0.653, 0, 0
0.654, 0, 0
0.655, 0, 0
0.656, 0, 0
0.657, 0, 0
0.658, 0, 0
0.659, 0, 0
0.66, 0, 0
0.661, 0, 0
0.662, 0, 0
0.663, 0, 0
0.664, 0, 0
0.665, 0, 0
0.666, 0, 0
0.667, 0, 0
0.668, 0, 0
0.669, 0, 0
0.67, 0, 0
0.671, 0, 0
0.672, 0, 0
0.673, 0, 0
0.674, 0, 0
0.675, 0, 0
0.676, 0, 0
0.677, 0, 0
0.678, 0, 0
0.679, 0, 0
0.68, 0, 0
0.681, 0, 0
0.682, 0, 0
0.683, 0, 0
0.684, 0, 0
0.685, 0, 0
0.686, 0, 0
0.687, 0, 0
0.688, 0, 0
0.689, 0, 0
0.69, 0, 0
0.691, 0, 0
0.692, 0, 0
0.693, 0, 0
0.694, 0, 0
0.695, 0, 0
0.696, 0, 0
0.697, 0, 0
0.698, 0, 0
0.699, 0, 0
0.7, 0, 0
0.701, 0, 0
0.702, 0, 0
0.703, 0, 0
0.704, 0, 0
0.705, 0, 0
0.706, 0, 0
0.707, 0, 0
0.708, 0, 0
0.709, 0, 0
0.71, 0, 0
0.711, 0, 0
0.712, 0, 0
0.713, 0, 0
0.714, 0, 0
0.715, 0, 0
0.716, 0, 0
0.717, 0, 0
0.718, 0, 0
0.719, 0, 0
0.72, 0, 0
0.721, 0, 0
0.722, 0, 0
0.723, 0, 0
0.724, 0, 0
0.725, 0, 0
0.726, 0, 0
0.727, 0, 0
0.728, 0, 0
0.729, 0, 0
0.73, 0, 0
0.731, 0, 0
0.732, 0, 0
0.733, 0, 0
0.734, 0, 0
0.735, 0, 0
0.736, 0, 0
0.737, 0, 0
0.738, 0, 0
0.739, 0, 0
0.74, 0, 0
0.741, 0, 0
0.742, 0, 0
0.743, 0, 0
0.744, 0, 0
0.745, 0, 0
0.746, 0, 0
0.747, 0, 0
0.748, 0, 0
0.749, 0, 0
0.75, 0, 0
0.751, 0, 0
0.752, 0, 0
0.753, 0, 0
0.754, 0, 0
0.755, 0, 0
0.756, 0, 0
0.757, 0, 0
0.758, 0, 0
0.759, 0, 0
0.76, 0, 0
0.761, 0, 0
0.762, 0, 0
0.763, 0, 0
0.764, 0, 0
0.765, 0, 0
0.766, 0, 0
0.767, 0, 0
0.768, 0, 0
0.769, 0, 0
0.77, 0, 0
0.771, 0, 0
0.772, 0, 0
0.773, 0, 0
0.774, 0, 0
0.775, 0, 0
0.776, 0, 0
0.777, 0, 0
0.778, 0, 0
0.779, 0, 0
0.78, 0, 0
0.781, 0, 0
0.782, 0, 0
0.783, 0, 0
0.784, 0, 0
0.785, 0, 0
0.786, 0, 0
0.787, 0, 0
0.788, 0, 0
0.789, 0, 0
0.79, 0, 0
0.791, 0, 0
0.792, 0, 0
0.793, 0, 0
0.794, 0, 0
0.795, 0, 0
0.796, 0, 0
0.797, 0, 0
0.798, 0, 0
0.799, 0, 0
0.8, 0, 0
0.801, 0, 0
0.802, 0, 0
0.803, 0, 0
0.804, 0, 0
0.805, 0, 0
0.806, 0, 0
0.807, 0, 0
0.808, 0, 0
0.809, 0, 0
0.81, 0, 0
0.811, 0, 0
0.812, 0, 0
0.813, 0, 0
0.814, 0, 0
0.815, 0, 0
0.816, 0, 0
0.817, 0, 0
0.818, 0, 0
0.819, 0, 0
0.82, 0, 0
0.821, 0, 0
0.822, 0, 0
0.823, 0, 0
0.824, 0, 0
0.825, 0, 0
0.826, 0, 0
0.827, 0, 0
0.828, 0, 0
0.829, 0, 0
0.83, 0, 0
0.831, 0, 0
0.832, 0, 0
0.833, 0, 0
0.834, 0, 0
0.835, 0, 0
0.836, 0, 0
0.837, 0, 0
0.838, 0, 0
0.839, 0, 0
0.84, 0, 0
0.841, 0, 0
0.842, 0, 0
0.843, 0, 0
0.844, 0, 0
0.845, 0, 0
0.846, 0, 0
0.847, 0, 0
0.848, 0, 0
0.849, 0, 0
0.85, 0, 0
0.851, 0, 0
0.852, 0, 0
0.853, 0, 0
0.854, 0, 0
0.855, 0, 0
0.856, 0, 0
0.857, 0, 0
0.858, 0, 0
0.859, 0, 0
0.86, 0, 0
0.861, 0, 0
0.862, 0, 0
0.863, 0, 0
0.864, 0, 0
0.865, 0, 0
0.866, 0, 0
0.867, 0, 0
0.868, 0, 0
0.869, 0, 0
0.87, 0, 0
0.871, 0, 0
0.872, 0, 0
0.873, 0, 0
0.874, 0, 0
0.875, 0, 0
0.876, 0, 0
0.877, 0, 0
0.878, 0, 0
0.879, 0, 0
0.88, 0, 0
0.881, 0, 0
0.882, 0, 0
0.883, 0, 0
0.884, 0, 0
0.885, 0, 0
0.886, 0, 0
0.887, 0, 0
0.888, 0, 0
0.889, 0, 0
0.89, 0, 0
0.891, 0, 0
0.892, 0, 0
0.893, 0, 0
0.894, 0, 0
0.895, 0, 0
0.896, 0, 0
0.897, 0, 0
0.898, 0, 0
0.899, 0, 0
0.9, 0, 0
0.901, 0, 0
0.902, 0, 0
0.903, 0, 0
0.904, 0, 0
0.905, 0, 0
0.906, 0, 0
0.907, 0, 0
0.908, 0, 0
0.909, 0, 0
0.91, 0, 0
0.911, 0, 0
0.912, 0, 0
0.913, 0, 0
0.914, 0, 0
0.915, 0, 0
0.916, 0, 0
0.917, 0, 0
0.918, 0, 0
0.919, 0, 0
0.92, 0, 0
0.921, 0, 0
0.922, 0, 0
0.923, 0, 0
0.924, 0, 0
0.925, 0, 0
0.926, 0, 0
0.927, 0, 0
0.928, 0, 0
0.929, 0, 0
0.93, 0, 0
0.931, 0, 0
0.932, 0, 0
0.933, 0, 0
0.934, 0, 0
0.935, 0, 0
0.936, 0, 0
0.937, 0, 0
0.938, 0, 0
0.939, 0, 0
0.94, 0, 0
0.941, 0, 0
0.942, 0, 0
0.943, 0, 0
0.944, 0, 0
0.945, 0, 0
0.946, 0, 0
0.947, 0, 0
0.948, 0, 0
0.949, 0, 0
0.95, 0, 0
0.951, 0, 0
0.952, 0, 0
0.953, 0, 0
0.954, 0, 0
0.955, 0, 0
0.956, 0, 0
0.957, 0, 0
0.958, 0, 0
0.959, 0, 0
0.96, 0, 0
0.961, 0, 0
0.962, 0, 0
0.963, 0, 0
0.964, 0, 0
0.965, 0, 0
0.966, 0, 0
0.967, 0, 0
0.968, 0, 0
0.969, 0, 0
0.97, 0, 0
0.971, 0, 0
0.972, 0, 0
0.973, 0, 0
0.974, 0, 0
0.975, 0, 0
0.976, 0, 0
0.977, 0, 0
0.978, 0, 0
0.979, 0, 0
0.98, 0, 0
0.981, 0, 0
0.982, 0, 0
0.983, 0, 0
0.984, 0, 0
0.985, 0, 0
0.986, 0, 0
0.987, 0, 0
0.988, 0, 0
0.989, 0, 0
0.99, 0, 0
0.991, 0, 0
0.992, 0, 0
0.993, 0, 0
0.994, 0, 0
0.995, 0, 0
0.996, 0, 0
0.997, 0, 0
0.998, 0, 0
0.999, 0, 0
1, 0, 0
1.001, 0, 0
1.002, 1.38666e-05, 0.0416482
1.003, 0.000111615, 0.164828
1.004, 0.000356038, 0.326013
1.005, 0.000763923, 0.488575
1.006, 0.00133139, 0.645743
1.007, 0.00205526, 0.801878
1.008, 0.002935, 0.957179
1.009, 0.00396893, 1.11015
1.01, 0.00515466, 1.26089
1.011, 0.00649024, 1.40988
1.012, 0.00797394, 1.55708
1.013, 0.00960387, 1.70235
1.014, 0.0113781, 1.84574
1.015, 0.0132949, 1.98732
1.016, 0.0153523, 2.12707
1.017, 0.0175485, 2.26501
1.018, 0.0198818, 2.40115
1.019, 0.0223504, 2.53552
1.02, 0.0249524, 2.66812
1.021, 0.0276862, 2.79897
1.022, 0.03055, 2.92809
1.023, 0.033542, 3.05548
1.024, 0.0366605, 3.18116
1.025, 0.0399039, 3.30515
1.026, 0.0432705, 3.42745
1.027, 0.0467585, 3.54809
1.028, 0.0503663, 3.66707
1.029, 0.0540923, 3.78442
1.03, 0.0579349, 3.90013
1.031, 0.0618923, 4.01423
1.032, 0.0659631, 4.12673
1.033, 0.0701456, 4.23764
1.034, 0.0744382, 4.34697
1.035, 0.0788393, 4.45474
1.036, 0.0833475, 4.56096
1.037, 0.0879611, 4.66564
1.038, 0.0926786, 4.76879
1.039, 0.0974985, 4.87043
1.04, 0.102419, 4.97056
1.041, 0.10744, 5.0692
1.042, 0.112558, 5.16636
1.043, 0.117772, 5.26206
1.044, 0.123082, 5.35629
1.045, 0.128485, 5.44907
1.046, 0.13398, 5.54042
1.047, 0.139566, 5.63034
1.048, 0.145241, 5.71884
1.049, 0.151003, 5.80593
1.05, 0.156853, 5.89162
1.051, 0.162787, 5.97592
1.052, 0.168805, 6.05884
1.053, 0.174905, 6.14039
1.054, 0.181086, 6.22057
1.055, 0.187346, 6.29939
1.056, 0.193685, 6.37686
1.057, 0.2001, 6.45298
1.058, 0.206591, 6.52777
1.059, 0.213156, 6.60122
1.06, 0.219793, 6.67335
1.061, 0.226503, 6.74416
1.062, 0.233282, 6.81365
1.063, 0.24013, 6.88182
1.064, 0.247046, 6.94869
1.065, 0.254028, 7.01426
1.066, 0.261075, 7.07852
1.067, 0.268185, 7.14149
1.068, 0.275358, 7.20315
1.069, 0.282592, 7.26352
1.07, 0.289886, 7.3226
1.071, 0.297237, 7.38038
1.072, 0.304647, 7.43686
1.073, 0.312112, 7.49205
1.074, 0.319631, 7.54594
1.075, 0.327204, 7.59854
1.076, 0.334829, 7.64983
1.077, 0.342504, 7.69981
1.078, 0.350229, 7.74849
1.079, 0.358001, 7.79585
1.08, 0.365821, 7.84188
1.081, 0.373685, 7.88639
1.082, 0.381594, 7.92915
1.083, 0.389544, 7.9699
1.084, 0.397533, 8.00844
1.085, 0.405561, 8.04456
1.086, 0.413623, 8.07808
1.087, 0.421717, 8.10885
1.088, 0.42984, 8.13672
1.089, 0.43799, 8.16158
1.09, 0.446163, 8.18332
1.091, 0.454356, 8.20189
1.092, 0.462566, 8.21721
1.093, 0.47079, 8.22925
1.094, 0.479025, 8.23799
1.095, 0.487266, 8.24344
1.096, 0.495511, 8.24562
1.097, 0.503757, 8.24457
1.098, 0.512, 8.24033
1.099, 0.520237, 8.23299
1.1, 0.528466, 8.22262
1.101, 0.536682, 8.20932
1.102, 0.544884, 8.19321
1.103, 0.553068, 8.17441
1.104, 0.561233, 8.15305
1.105, 0.569374, 8.12927
1.106, 0.577491, 8.10322
1.107, 0.585581, 8.07506
1.108, 0.593641, 8.04495
1.109, 0.60167, 8.01306
1.11, 0.609667, 7.97954
1.111, 0.61763, 7.94459
1.112, 0.625556, 7.90835
1.113, 0.633446, 7.87101
1.114, 0.641299, 7.83273
1.115, 0.649112, 7.79367
1.116, 0.656886, 7.754
1.117, 0.66462, 7.71387
1.118, 0.672314, 7.67343
1.119, 0.679968, 7.63282
1.12, 0.68758, 7.59217
1.121, 0.695152, 7.55161
1.122, 0.702684, 7.51125
1.123, 0.710175, 7.4712
1.124, 0.717627, 7.43154
1.125, 0.725039, 7.39237
1.126, 0.732412, 7.35373
1.127, 0.739747, 7.31569
1.128, 0.747044, 7.27828
1.129, 0.754304, 7.24153
1.13, 0.761527, 7.20545
1.131, 0.768715, 7.17002
1.132, 0.775867, 7.13522
1.133, 0.782985, 7.10093
1.134, 0.790069, 7.06601
1.135, 0.797117, 7.02873
1.136, 0.804125, 6.98825
1.137, 0.811092, 6.94419
1.138, 0.818012, 6.89623
1.139, 0.824883, 6.84415
1.14, 0.831699, 6.78777
1.141, 0.838457, 6.72695
1.142, 0.845151, 6.66156
1.143, 0.851778, 6.59148
1.144, 0.858333, 6.5166
1.145, 0.86481, 6.43682
1.146, 0.871204, 6.35203
1.147, 0.877512, 6.26214
1.148, 0.883726, 6.16708
1.149, 0.889844, 6.06675
1.15, 0.895858, 5.96108
1.151, 0.901764, 5.85003
1.152, 0.907556, 5.73354
1.153, 0.913228, 5.61159
1.154, 0.918777, 5.48416
1.155, 0.924194, 5.35126
1.156, 0.929477, 5.21293
1.157, 0.934618, 5.06922
1.158, 0.939613, 4.92021
1.159, 0.944456, 4.76603
1.16, 0.949143, 4.60684
1.161, 0.953667, 4.44281
1.162, 0.958026, 4.27419
1.163, 0.962214, 4.10126
1.164, 0.966227, 3.92434
1.165, 0.970061, 3.74381
1.166, 0.973712, 3.5601
1.167, 0.977179, 3.3737
1.168, 0.980458, 3.18514
1.169, 0.983548, 2.99502
1.17, 0.986447, 2.80399
1.171, 0.989155, 2.61274
1.172, 0.991672, 2.42203
1.173, 0.993999, 2.23266
1.174, 0.996138, 2.04546
1.175, 0.99809, 1.86128
1.176, 0.999861, 1.68103
1.177, 0.999938, -0.113655
1.178, 0.999778, -0.182876
1.179, 0.999574, -0.204098
1.18, 0.999368, -0.18918
1.181, 0.99919, -0.148977
1.182, 0.999061, -0.0930444
1.183, 0.998993, -0.0290156
1.184, 0.998991, 0.0385319
1.185, 0.999058, 0.107088
1.186, 0.999192, 0.174566
1.187, 0.999393, 0.239027
1.188, 0.999656, 0.2987
1.189, 0.999976, 0.352036
1.19, 1, 0
1.191, 1, 0
1.192, 1, 0
1.193, 1, 0
1.194, 1, 0
1.195, 1, 0
1.196, 1, 0
1.197, 1, 0
1.198, 1, 0
1.199, 1, 0
1.2, 1, 0
1.201, 1, 0
1.202, 1, 0
1.203, 1, 0
1.204, 1, 0
1.205, 1, 0
1.206, 1, 0
1.207, 1, 0
1.208, 1, 0
1.209, 1, 0
1.21, 1, 0
1.211, 1, 0
1.212, 1, 0
1.213, 1, 0
1.214, 1, 0
1.215, 1, 0
1.216, 1, 0
1.217, 1, 0
1.218, 1, 0
1.219, 1, 0
1.22, 1, 0
1.221, 1, 0
1.222, 1, 0
1.223, 1, 0
1.224, 1, 0
1.225, 1, 0
1.226, 1, 0
1.227, 1, 0
1.228, 1, 0
1.229, 1, 0
1.23, 1, 0
1.231, 1, 0
1.232, 1, 0
1.233, 1, 0
1.234, 1, 0
1.235, 1, 0
1.236, 1, 0
1.237, 1, 0
1.238, 1, 0
1.239, 1, 0
1.24, 1, 0
1.241, 1, 0
1.242, 1, 0
1.243, 1, 0
1.244, 1, 0
1.245, 1, 0
1.246, 1, 0
1.247, 1, 0
1.248, 1, 0
1.249, 1, 0
1.25, 1, 0
1.251, 1, 0
1.252, 1, 0
1.253, 1, 0
1.254, 1, 0
1.255, 1, 0
1.256, 1, 0
1.257, 1, 0
1.258, 1, 0
1.259, 1, 0
1.26, 1, 0
1.261, 1, 0
1.262, 1, 0
1.263, 1, 0
1.264, 1, 0
1.265, 1, 0
1.266, 1, 0
1.267, 1, 0
1.268, 1, 0
1.269, 1, 0
1.27, 1, 0
1.271, 1, 0
1.272, 1, 0
1.273, 1, 0
1.274, 1, 0
1.275, 1, 0
1.276, 1, 0
1.277, 1, 0
1.278, 1, 0
1.279, 1, 0
1.28, 1, 0
1.281, 1, 0
1.282, 1, 0
1.283, 1, 0
1.284, 1, 0
1.285, 1, 0
1.286, 1, 0
1.287, 1, 0
1.288, 1, 0
1.289, 1, 0
1.29, 1, 0
1.291, 1, 0
1.292, 1, 0
1.293, 1, 0
1.294, 1, 0
1.295, 1, 0
1.296, 1, 0
1.297, 1, 0
1.298, 1, 0
1.299, 1, 0
1.3, 1, 0
1.301, 1, 0
1.302, 1, 0
1.303, 1, 0
1.304, 1, 0
1.305, 1, 0
1.306, 1, 0
1.307, 1, 0
1.308, 1, 0
1.309, 1, 0
1.31, 1, 0
1.311, 1, 0
1.312, 1, 0
1.313, 1, 0
1.314, 1, 0
1.315, 1, 0
1.316, 1, 0
1.317, 1, 0
1.318, 1, 0
1.319, 1, 0
1.32, 1, 0
1.321, 1, 0
1.322, 1, 0
1.323, 1, 0
1.324, 1, 0
1.325, 1, 0
1.326, 1, 0
1.327, 1, 0
1.328, 1, 0
1.329, 1, 0
1.33, 1, 0
1.331, 1, 0
1.332, 1, 0
1.333, 1, 0
1.334, 1, 0
1.335, 1, 0
1.336, 1, 0
1.337, 1, 0
1.338, 1, 0
1.339, 1, 0
1.34, 1, 0
1.341, 1, 0
1.342, 1, 0
1.343, 1, 0
1.344, 1, 0
1.345, 1, 0
1.346, 1, 0
1.347, 1, 0
1.348, 1, 0
1.349, 1, 0
1.35, 1, 0
1.351, 1, 0
1.352, 1, 0
1.353, 1, 0
1.354, 1, 0
1.355, 1, 0
1.356, 1, 0
1.357, 1, 0
1.358, 1, 0
1.359, 1, 0
1.36, 1, 0
1.361, 1, 0
1.362, 1, 0
1.363, 1, 0
1.364, 1, 0
1.365, 1, 0
1.366, 1, 0
1.367, 1, 0
1.368, 1, 0
1.369, 1, 0
1.37, 1, 0
1.371, 1, 0
1.372, 1, 0
1.373, 1, 0
1.374, 1, 0
1.375, 1, 0
1.376, 1, 0
1.377, 1, 0
1.378, 1, 0
1.379, 1, 0
1.38, 1, 0
1.381, 1, 0
1.382, 1, 0
1.383, 1, 0
1.384, 1, 0
1.385, 1, 0
1.386, 1, 0
1.387, 1, 0
1.388, 1, 0
1.389, 1, 0
1.39, 1, 0
1.391, 1, 0
1.392, 1, 0
1.393, 1, 0
1.394, 1, 0
1.395, 1, 0
1.396, 1, 0
1.397, 1, 0
1.398, 1, 0
1.399, 1, 0
1.4, 1, 0
1.401, 1, 0
1.402, 1, 0
1.403, 1, 0
1.404, 1, 0
1.405, 1, 0
1.406, 1, 0
1.407, 1, 0
1.408, 1, 0
1.409, 1, 0
1.41, 1, 0
1.411, 1, 0
1.412, 1, 0
1.413, 1, 0
1.414, 1, 0
1.415, 1, 0
1.416, 1, 0
1.417, 1, 0
1.418, 1, 0
1.419, 1, 0
1.42, 1, 0
1.421, 1, 0
1.422, 1, 0
1.423, 1, 0
1.424, 1, 0
1.425, 1, 0
1.426, 1, 0
1.427, 1, 0
1.428, 1, 0
1.429, 1, 0
1.43, 1, 0
1.431, 1, 0
1.432, 1, 0
1.433, 1, 0
1.434, 1, 0
1.435, 1, 0
1.436, 1, 0
1.437, 1, 0
1.438, 1, 0
1.439, 1, 0
1.44, 1, 0
1.441, 1, 0
1.442, 1, 0
1.443, 1, 0
1.444, 1, 0
1.445, 1, 0
1.446, 1, 0
1.447, 1, 0
1.448, 1, 0
1.449, 1, 0
1.45, 1, 0
1.451, 1, 0
1.452, 1, 0
1.453, 1, 0
1.454, 1, 0
1.455, 1, 0
1.456, 1, 0
1.457, 1, 0
1.458, 1, 0
1.459, 1, 0
1.46, 1, 0
1.461, 1, 0
1.462, 1, 0
1.463, 1, 0
1.464, 1, 0
1.465, 1, 0
1.466, 1, 0
1.467, 1, 0
1.468, 1, 0
1.469, 1, 0
1.47, 1, 0
1.471, 1, 0
1.472, 1, 0
1.473, 1, 0
1.474, 1, 0
1.475, 1, 0
1.476, 1, 0
1.477, 1, 0
1.478, 1, 0
1.479, 1, 0
1.48, 1, 0
1.481, 1, 0
1.482, 1, 0
1.483, 1, 0
1.484, 1, 0
1.485, 1, 0
1.486, 1, 0
1.487, 1, 0
1.488, 1, 0
1.489, 1, 0
1.49, 1, 0
1.491, 1, 0
1.492, 1, 0
1.493, 1, 0
1.494, 1, 0
1.495, 1, 0
1.496, 1, 0
1.497, 1, 0
1.498, 1, 0
1.499, 1, 0
1.5, 1, 0
1.501, 1, 0
1.502, 1, 0
1.503, 1, 0
1.504, 1, 0
1.505, 1, 0
1.506, 1, 0
1.507, 1, 0
1.508, 1, 0
1.509, 1, 0
1.51, 1, 0
1.511, 1, 0
1.512, 1, 0
1.513, 1, 0
1.514, 1, 0
1.515, 1, 0
1.516, 1, 0
1.517, 1, 0
1.518, 1, 0
1.519, 1, 0
1.52, 1, 0
1.521, 1, 0
1.522, 1, 0
1.523, 1, 0
1.524, 1, 0
1.525, 1, 0
1.526, 1, 0
1.527, 1, 0
1.528, 1, 0
1.529, 1, 0
1.53, 1, 0
1.531, 1, 0
1.532, 1, 0
1.533, 1, 0
1.534, 1, 0
1.535, 1, 0
1.536, 1, 0
1.537, 1, 0
1.538, 1, 0
1.539, 1, 0
1.54, 1, 0
1.541, 1, 0
1.542, 1, 0
1.543, 1, 0
1.544, 1, 0
1.545, 1, 0
1.546, 1, 0
1.547, 1, 0
1.548, 1, 0
1.549, 1, 0
1.55, 1, 0
1.551, 1, 0
1.552, 1, 0
1.553, 1, 0
1.554, 1, 0
1.555, 1, 0
1.556, 1, 0
1.557, 1, 0
1.558, 1, 0
1.559, 1, 0
1.56, 1, 0
1.561, 1, 0
1.562, 1, 0
1.563, 1, 0
1.564, 1, 0
1.565, 1, 0
1.566, 1, 0
1.567, 1, 0
1.568, 1, 0
1.569, 1, 0
1.57, 1, 0
1.571, 1, 0
1.572, 1, 0
1.573, 1, 0
1.574, 1, 0
1.575, 1, 0
1.576, 1, 0
1.577, 1, 0
1.578, 1, 0
1.579, 1, 0
1.58, 1, 0
1.581, 1, 0
1.582, 1, 0
1.583, 1, 0
1.584, 1, 0
1.585, 1, 0
1.586, 1, 0
1.587, 1, 0
1.588, 1, 0
1.589, 1, 0
1.59, 1, 0
1.591, 1, 0
1.592, 1, 0
1.593, 1, 0
1.594, 1, 0
1.595, 1, 0
1.596, 1, 0
1.597, 1, 0
1.598, 1, 0
1.599, 1, 0
1.6, 1, 0
1.601, 1, 0
1.602, 1, 0
1.603, 1, 0
1.604, 1, 0
1.605, 1, 0
1.606, 1, 0
1.607, 1, 0
1.608, 1, 0
1.609, 1, 0
1.61, 1, 0
1.611, 1, 0
1.612, 1, 0
1.613, 1, 0
1.614, 1, 0
1.615, 1, 0
1.616, 1, 0
1.617, 1, 0
1.618, 1, 0
1.619, 1, 0
1.62, 1, 0
1.621, 1, 0
1.622, 1, 0
1.623, 1, 0
1.624, 1, 0
1.625, 1, 0
1.626, 1, 0
1.627, 1, 0
1.628, 1, 0
1.629, 1, 0
1.63, 1, 0
1.631, 1, 0
1.632, 1, 0
1.633, 1, 0
1.634, 1, 0
1.635, 1, 0
1.636, 1, 0
1.637, 1, 0
1.638, 1, 0
1.639, 1, 0
1.64, 1, 0
1.641, 1, 0
1.642, 1, 0
1.643, 1, 0
1.644, 1, 0
1.645, 1, 0
1.646, 1, 0
1.647, 1, 0
1.648, 1, 0
1.649, 1, 0
1.65, 1, 0
1.651, 1, 0
1.652, 1, 0
1.653, 1, 0
1.654, 1, 0
1.655, 1, 0
1.656, 1, 0
1.657, 1, 0
1.658, 1, 0
1.659, 1, 0
1.66, 1, 0
1.661, 1, 0
1.662, 1, 0
1.663, 1, 0
1.664, 1, 0
1.665, 1, 0
1.666, 1, 0
1.667, 1, 0
1.668, 1, 0
1.669, 1, 0
1.67, 1, 0
1.671, 1, 0
1.672, 1, 0
1.673, 1, 0
1.674, 1, 0
1.675, 1, 0
1.676, 1, 0
1.677, 1, 0
1.678, 1, 0
1.679, 1, 0
1.68, 1, 0
1.681, 1, 0
1.682, 1, 0
1.683, 1, 0
1.684, 1, 0
1.685, 1, 0
1.686, 1, 0
1.687, 1, 0
1.688, 1, 0
1.689, 1, 0
1.69, 1, 0
1.691, 1, 0
1.692, 1, 0
1.693, 1, 0
1.694, 1, 0
1.695, 1, 0
1.696, 1, 0
1.697, 1, 0
1.698, 1, 0
1.699, 1, 0
1.7, 1, 0
1.701, 1, 0
1.702, 1, 0
1.703, 1, 0
1.704, 1, 0
1.705, 1, 0
1.706, 1, 0
1.707, 1, 0
1.708, 1, 0
1.709, 1, 0
1.71, 1, 0
1.711, 1, 0
1.712, 1, 0
1.713, 1, 0
1.714, 1, 0
1.715, 1, 0
1.716, 1, 0
1.717, 1, 0
1.718, 1, 0
1.719, 1, 0
1.72, 1, 0
1.721, 1, 0
1.722, 1, 0
1.723, 1, 0
1.724, 1, 0
1.725, 1, 0
1.726, 1, 0
1.727, 1, 0
1.728, 1, 0
1.729, 1, 0
1.73, 1, 0
1.731, 1, 0
1.732, 1, 0
1.733, 1, 0
1.734, 1, 0
1.735, 1, 0
1.736, 1, 0
1.737, 1, 0
1.738, 1, 0
1.739, 1, 0
1.74, 1, 0
1.741, 1, 0
1.742, 1, 0
1.743, 1, 0
1.744, 1, 0
1.745, 1, 0
1.746, 1, 0
1.747, 1, 0
1.748, 1, 0
1.749, 1, 0
1.75, 1, 0
1.751, 1, 0
1.752, 1, 0
1.753, 1, 0
1.754, 1, 0
1.755, 1, 0
1.756, 1, 0
1.757, 1, 0
1.758, 1, 0
1.759, 1, 0
1.76, 1, 0
1.761, 1, 0
1.762, 1, 0
1.763, 1, 0
1.764, 1, 0
1.765, 1, 0
1.766, 1, 0
1.767, 1, 0
1.768, 1, 0
1.769, 1, 0
1.77, 1, 0
1.771, 1, 0
1.772, 1, 0
1.773, 1, 0
1.774, 1, 0
1.775, 1, 0
1.776, 1, 0
1.777, 1, 0
1.778, 1, 0
1.779, 1, 0
1.78, 1, 0
1.781, 1, 0
1.782, 1, 0
1.783, 1, 0
1.784, 1, 0
1.785, 1, 0
1.786, 1, 0
1.787, 1, 0
1.788, 1, 0
1.789, 1, 0
1.79, 1, 0
1.791, 1, 0
1.792, 1, 0
1.793, 1, 0
1.794, 1, 0
1.795, 1, 0
1.796, 1, 0
1.797, 1, 0
1.798, 1, 0
1.799, 1, 0
1.8, 1, 0
1.801, 1, 0
1.802, 1, 0
1.803, 1, 0
1.804, 1, 0
1.805, 1, 0
1.806, 1, 0
1.807, 1, 0
1.808, 1, 0
1.809, 1, 0
1.81, 1, 0
1.811, 1, 0
1.812, 1, 0
1.813, 1, 0
1.814, 1, 0
1.815, 1, 0
1.816, 1, 0
1.817, 1, 0
1.818, 1, 0
1.819, 1, 0
1.82, 1, 0
1.821, 1, 0
1.822, 1, 0
1.823, 1, 0
1.824, 1, 0
1.825, 1, 0
1.826, 1, 0
1.827, 1, 0
1.828, 1, 0
1.829, 1, 0
1.83, 1, 0
1.831, 1, 0
1.832, 1, 0
1.833, 1, 0
1.834, 1, 0
1.835, 1, 0
1.836, 1, 0
1.837, 1, 0
1.838, 1, 0
1.839, 1, 0
1.84, 1, 0
1.841, 1, 0
1.842, 1, 0
1.843, 1, 0
1.844, 1, 0
1.845, 1, 0
1.846, 1, 0
1.847, 1, 0
1.848, 1, 0
1.849, 1, 0
1.85, 1, 0
1.851, 1, 0
1.852, 1, 0
1.853, 1, 0
1.854, 1, 0
1.855, 1, 0
1.856, 1, 0
1.857, 1, 0
1.858, 1, 0
1.859, 1, 0
1.86, 1, 0
1.861, 1, 0
1.862, 1, 0
1.863, 1, 0
1.864, 1, 0
1.865, 1, 0
1.866, 1, 0
1.867, 1, 0
1.868, 1, 0
1.869, 1, 0
1.87, 1, 0
1.871, 1, 0
1.872, 1, 0
1.873, 1, 0
1.874, 1, 0
1.875, 1, 0
1.876, 1, 0
1.877, 1, 0
1.878, 1, 0
1.879, 1, 0
1.88, 1, 0
1.881, 1, 0
1.882, 1, 0
1.883, 1, 0
1.884, 1, 0
1.885, 1, 0
1.886, 1, 0
1.887, 1, 0
1.888, 1, 0
1.889, 1, 0
1.89, 1, 0
1.891, 1, 0
1.892, 1, 0
1.893, 1, 0
1.894, 1, 0
1.895, 1, 0
1.896, 1, 0
1.897, 1, 0
1.898, 1, 0
1.899, 1, 0
1.9, 1, 0
1.901, 1, 0
1.902, 1, 0
1.903, 1, 0
1.904, 1, 0
1.905, 1, 0
1.906, 1, 0
1.907, 1, 0
1.908, 1, 0
1.909, 1, 0
1.91, 1, 0
1.911, 1, 0
1.912, 1, 0
1.913, 1, 0
1.914, 1, 0
1.915, 1, 0
1.916, 1, 0
1.917, 1, 0
1.918, 1, 0
1.919, 1, 0
1.92, 1, 0
1.921, 1, 0
1.922, 1, 0
1.923, 1, 0
1.924, 1, 0
1.925, 1, 0
1.926, 1, 0
1.927, 1, 0
1.928, 1, 0
1.929, 1, 0
1.93, 1, 0
1.931, 1, 0
1.932, 1, 0
1.933, 1, 0
1.934, 1, 0
1.935, 1, 0
1.936, 1, 0
1.937, 1, 0
1.938, 1, 0
1.939, 1, 0
1.94, 1, 0
1.941, 1, 0
1.942, 1, 0
1.943, 1, 0
1.944, 1, 0
1.945, 1, 0
1.946, 1, 0
1.947, 1, 0
1.948, 1, 0
1.949, 1, 0
1.95, 1, 0
1.951, 1, 0
1.952, 1, 0
1.953, 1, 0
1.954, 1, 0
1.955, 1, 0
1.956, 1, 0
1.957, 1, 0
1.958, 1, 0
1.959, 1, 0
1.96, 1, 0
1.961, 1, 0
1.962, 1, 0
1.963, 1, 0
1.964, 1, 0
1.965, 1, 0
1.966, 1, 0
1.967, 1, 0
1.968, 1, 0
1.969, 1, 0
1.97, 1, 0
1.971, 1, 0
1.972, 1, 0
1.973, 1, 0
1.974, 1, 0
1.975, 1, 0
1.976, 1, 0
1.977, 1, 0
1.978, 1, 0
1.979, 1, 0
1.98, 1, 0
1.981, 1, 0
1.982, 1, 0
1.983, 1, 0
1.984, 1, 0
1.985, 1, 0
1.986, 1, 0
1.987, 1, 0
1.988, 1, 0
1.989, 1, 0
1.99, 1, 0
1.991, 1, 0
1.992, 1, 0
1.993, 1, 0
1.994, 1, 0
1.995, 1, 0
1.996, 1, 0
1.997, 1, 0
1.998, 1, 0
1.999, 1, 0
2, 1, 0
